Descriptor,N_SYL,NLET,WordFreq
TrainedSpanishVsTrainedCatalan,0.5170038079792667,1.0,0.1771221380432281
TrainedCatalanVsUntrainedCatalan,0.19206370346698462,0.27358164515580047,0.036307096219166966
TrainedSpanishVsUntrainedCatalan,0.35936243797417844,0.3923170542183978,0.3518423539892649
TrainedSpanishVsUntrainedSpanish,0.5238041791050092,0.7777196967868805,0.8766951866559038
TrainedCatalanVsUntrainedSpanish,0.22179319514587592,0.7285963350524463,0.0007386169861772978
