Descriptor,N_SYL,NLET,WordFreq
TrainedSpanishVsTrainedCatalan,0.3900731795442459,0.12868183459043747,0.23607676203104677
TrainedCatalanVsUntrainedCatalan,0.6841792848613804,0.9651591580501537,0.5899867062556536
TrainedSpanishVsUntrainedCatalan,0.24536760992274442,0.1540751771568278,0.3771494513667393
TrainedSpanishVsUntrainedSpanish,0.8616027408431485,0.3420920425438584,0.467845130414834
TrainedCatalanVsUntrainedSpanish,0.5600397607264169,0.5835983963275356,0.013110983988846964
